{
    "FinalDirtRanking": [
        0,
        0,
        10,
        12,
        14,
        16,
        18,
        20,
        22
    ],
    "FinalComboRanking": [
        4,
        4
    ],
    "FinalClapCountRanking": [
        9,
        9
    ],
    "DirtValueCountSumRanking": [
        3,
        3,
        10,
        12,
        14,
        16,
        18,
        20,
        22
    ],
    "FinalBreathTimeRanking": [
        27.490705490112306,
        27.490705490112306
    ],
    "CalorieRanking": [
        1.350000023841858,
        1.350000023841858
    ],
    "BossBattleTimeRanking": [
        -1.0,
        -1.0,
        -1.0,
        -1.0,
        -1.0,
        -1.0,
        -1.0,
        49.517372131347659,
        49.517372131347659
    ]
}