{
    "FinalDirtRanking": [
        1,
        1,
        1,
        2,
        2,
        2,
        2
    ],
    "FinalComboRanking": [
        5,
        5,
        5,
        4,
        4,
        4,
        4,
        3,
        3,
        3,
        3,
        3,
        2
    ],
    "FinalClapCountRanking": [
        3,
        3,
        4,
        4,
        4,
        4,
        4,
        4,
        4,
        5,
        6,
        6,
        6,
        7,
        7,
        8,
        8,
        8,
        8,
        9,
        9,
        9,
        10
    ],
    "FinalDirtDecreaseCountRanking": [
        20,
        17,
        17,
        16,
        16,
        16,
        16,
        15,
        15,
        14,
        13,
        13,
        12,
        12,
        11,
        11,
        10,
        10,
        9,
        7,
        7,
        6,
        6
    ],
    "FinalBreathTimeRanking": [
        3.4059135913848879,
        3.650998115539551,
        3.8916616439819338,
        5.350667953491211,
        6.954482555389404,
        8.18492603302002,
        9.175250053405762,
        11.200728416442871,
        11.574888229370118,
        12.267767906188965,
        12.320143699645996,
        12.973672866821289,
        13.481585502624512,
        14.133986473083496,
        15.010961532592774,
        15.262724876403809,
        16.052122116088868,
        16.404699325561525,
        19.948041915893556,
        20.878320693969728,
        21.720191955566408
    ],
    "FinalBreathStrengthSumRanking": [
        20.878320693969728,
        19.948041915893556,
        18.697500228881837,
        16.404699325561525,
        16.052122116088868,
        15.010961532592774,
        13.481585502624512,
        13.461613655090332,
        12.973672866821289,
        12.81842041015625,
        12.320143699645996,
        12.267767906188965,
        11.574888229370118,
        11.140534400939942,
        9.175250053405762,
        8.18492603302002,
        6.954482555389404,
        5.350667953491211,
        3.8916616439819338,
        3.650998115539551,
        3.4059135913848879
    ],
    "BossBattleTimeRanking": [
        38.079833984375,
        42.38582992553711,
        42.598209381103519,
        44.22181701660156,
        62.61859130859375,
        66.52154541015625,
        71.85552978515625,
        78.97386169433594,
        81.01206970214844
    ]
}