{
    "FinalDirtRanking": [
        10,
        10,
        10,
        11,
        11,
        11,
        12,
        12,
        12,
        13,
        13
    ],
    "FinalComboRanking": [
        5,
        3,
        3,
        3,
        3,
        3,
        3
    ],
    "FinalClapCountRanking": [
        1,
        1,
        1,
        1,
        1,
        1,
        8
    ],
    "FinalDirtDecreaseCountRanking": [
        18,
        3,
        3,
        3,
        3,
        3,
        3
    ],
    "FinalBreathTimeRanking": [
        16.17484474182129
    ],
    "FinalBreathStrengthSumRanking": [
        16.17484474182129
    ],
    "BossBattleTimeRanking": [
        -1.0,
        -1.0,
        -1.0,
        -1.0,
        -1.0,
        -1.0,
        -1.0,
        -1.0,
        -1.0,
        -1.0,
        -1.0,
        135.71853637695313
    ]
}