{
    "FinalDirtRanking": [

        0,
        0,
        0,
        0,
        0,
        0,
        0,
        0,
        0,
        0,
        0,
        0,
        2

        10,
        10,
        10,
        11,
        11,
        11,
        12,
        12,
        12,
        13,
        13

    ],
    "FinalComboRanking": [
        6,
        5,

        5,
        5,
        4,
        4,
        4,
        4,
        4,
        4,
        3,
        3,
        3
    ],
    "FinalClapCountRanking": [
        6,
        7,
        7,
        7,
        8,
        9,
        9,
        9,
        9,
        10,
        10,
        10,
        12
    ],
    "DirtValueCountSumRanking": [
        2,
        2,
        3,
        4,
        4,
        4,
        8
    ],
    "FinalBreathTimeRanking": [
        8.53903579711914,
        9.924386024475098,
        11.12524127960205,
        11.364015579223633,
        12.577863693237305,
        12.789999961853028,
        13.799186706542969,
        13.892271041870118,
        15.588725090026856,
        15.615798950195313,
        23.168161392211915,
        24.70734405517578,
        33.790592193603519
    ],
    "CalorieRanking": [
        1.8000000715255738,
        1.5,
        1.5,
        1.5,
        1.350000023841858,
        1.350000023841858,
        1.350000023841858,
        1.350000023841858,
        1.2000000476837159,
        1.0500000715255738,
        1.0500000715255738,
        1.0500000715255738,
        0.9000000357627869
    ],
    "BossBattleTimeRanking": [
        39.14598846435547,
        39.299476623535159,
        44.357357025146487,
        62.64936828613281,
        63.7599983215332,
        64.18926239013672,
        112.32576751708985,
        122.15061950683594,
        124.5936050415039,
        127.91014862060547,
        135.64479064941407,
        173.79429626464845,
        188.5904541015625

        3,
        3,
        3,
        3,
        3,
        3
    ],
    "FinalClapCountRanking": [
        1,
        1,
        1,
        1,
        1,
        1,
        8
    ],
    "FinalDirtDecreaseCountRanking": [
        18,
        3,
        3,
        3,
        3,
        3,
        3
    ],
    "FinalBreathTimeRanking": [
        16.17484474182129
    ],
    "FinalBreathStrengthSumRanking": [
        16.17484474182129
    ],
    "BossBattleTimeRanking": [
        -1.0,
        -1.0,
        -1.0,
        -1.0,
        -1.0,
        -1.0,
        -1.0,
        -1.0,
        -1.0,
        -1.0,
        -1.0,
        135.71853637695313

    ]
}