{
    "FinalDirtRanking": [
        0
    ],
    "FinalComboRanking": [
        11,
        1
    ],
    "FinalClapCountRanking": [
        10,
        9
    ],
    "DirtValueCountSumRanking": [
        3,
        2
    ],
    "FinalBreathTimeRanking": [
        12.381598472595215,
        7.121230602264404
    ],
    "CalorieRanking": [
        1.912719964981079,
        1.5798100233078004,
        1.5
    ],
    "BossBattleTimeRanking": [
        34.412635803222659,
        42.16211700439453
    ]
}