{
    "FinalDirtRanking": [
        0,
        0,
        0,
        0,
        0,
        0,
        0,
        0,
        0,
        0,
        0,
        1,
        2,
        2,
        2,
        3,
        10,
        10,
        10,
        11,
        11,
        11,
        11,
        12,
        12,
        13,
        13,
        13,
        14,
        14,
        15,
        15,
        16,
        16
    ],
    "FinalComboRanking": [
        8,
        3,
        1,
        1,
        1
    ],
    "FinalClapCountRanking": [
        1,
        1,
        1,
        1,
        2,
        2,
        2,
        2,
        2,
        5,
        6,
        9,
        12
    ],
    "DirtValueCountSumRanking": [
        1,
        1,
        2,
        2,
        2,
        3,
        3,
        4,
        6,
        10,
        10,
        11,
        11,
        11,
        12,
        12,
        12,
        12,
        13,
        13,
        13,
        14,
        14,
        14,
        15,
        15,
        16,
        16
    ],
    "FinalBreathTimeRanking": [
        0.035864584147930148,
        0.035864584147930148,
        0.035864584147930148,
        0.035864584147930148,
        1.7705111503601075,
        2.329580783843994,
        2.329580783843994,
        2.329580783843994,
        2.6496119499206545,
        3.2114579677581789,
        5.413459777832031,
        5.89319372177124,
        7.222102642059326,
        9.187233924865723,
        13.872664451599121,
        14.50131607055664,
        21.474781036376954,
        28.76616096496582,
        36.81243133544922
    ],
    "CalorieRanking": [
        1.8000000715255738,
        1.350000023841858,
        0.9000000357627869,
        0.75,
        0.30000001192092898,
        0.30000001192092898,
        0.30000001192092898,
        0.30000001192092898,
        0.30000001192092898,
        0.15000000596046449,
        0.15000000596046449,
        0.15000000596046449,
        0.15000000596046449
    ],
    "BossBattleTimeRanking": [
        243.72262573242188,
        285.0794372558594
    ]
}